{
    "code":200,
    "msg":"请求成功",
    "result":[
        {
            "p_catalog_id":"3",
            "parent_id":"0",
            "name":"小裙子",
            "pic":"",
            "is_deleted":"0",
            "child":[
                {
                    "p_catalog_id":"10",
                    "parent_id":"3",
                    "name":"古风",
                    "pic":"http://brand.cycangcdn.com/product_catalog/1446016297307.jpg",
                    "is_deleted":"0"
                },
                {
                    "p_catalog_id":"11",
                    "parent_id":"3",
                    "name":"和风",
                    "pic":"http://brand.cycangcdn.com/product_catalog/1446016509141.jpg",
                    "is_deleted":"0"
                },
                {
                    "p_catalog_id":"12",
                    "parent_id":"3",
                    "name":"lolita",
                    "pic":"http://brand.cycangcdn.com/product_catalog/1446016728621.jpg",
                    "is_deleted":"0"
                },
                {
                    "p_catalog_id":"91",
                    "parent_id":"3",
                    "name":"日常",
                    "pic":"http://brand.cycangcdn.com/product_catalog/1446444753067.jpg",
                    "is_deleted":"0"
                }
            ],
            "hot_product_list":[
                {
                    "product_id":"2704",
                    "channel_id":"6",
                    "brand_id":"230",
                    "p_catalog_id":"3",
                    "supplier_type":"1",
                    "supplier_code":"0",
                    "name":"中华风lolita -山海经 凤凰图 JSK",
                    "cover_price":"300.00",
                    "brief":"",
                    "figure":"http://f.p.cycangcdn.com/1447239453626.jpg",
                    "sell_time_start":"1447171200",
                    "sell_time_end":"1447776000"
                },
                {
                    "product_id":"3571",
                    "channel_id":"8",
                    "brand_id":"259",
                    "p_catalog_id":"12",
                    "supplier_type":"2",
                    "supplier_code":"1801005",
                    "name":"【INFANTA.婴梵塔】学院风尖领外套/大衣",
                    "cover_price":"287.00",
                    "brief":"",
                    "figure":"http://f.p.cycangcdn.com/1450433177397.jpg",
                    "sell_time_start":"1450368000",
                    "sell_time_end":"1450972800"
                },
                {
                    "product_id":"5181",
                    "channel_id":"6",
                    "brand_id":"394",
                    "p_catalog_id":"10",
                    "supplier_type":"2",
                    "supplier_code":"1101037",
                    "name":"【画影】汉元素 古风日常—— 仲夏 ",
                    "cover_price":"250.00",
                    "brief":"",
                    "figure":"http://f.p.cycangcdn.com/1457504361484.jpg",
                    "sell_time_start":"1457452800",
                    "sell_time_end":"1458057600"
                },
                {
                    "product_id":"7729",
                    "channel_id":"8",
                    "brand_id":"432",
                    "p_catalog_id":"91",
                    "supplier_type":"2",
                    "supplier_code":"1601008",
                    "name":"现货【TUMO】 雨库洛牌元素 软妹森女系短袖连衣裙",
                    "cover_price":"179.00",
                    "brief":"",
                    "figure":"http://f.p.cycangcdn.com/supplier/1467687105197.jpg",
                    "sell_time_start":"0",
                    "sell_time_end":"0"
                },
                {
                    "product_id":"5383",
                    "channel_id":"3",
                    "brand_id":"77",
                    "p_catalog_id":"91",
                    "supplier_type":"2",
                    "supplier_code":"2105003",
                    "name":"【宅漫周边店】猫咪后院 衬衫+背带裙2件套装 超软萌",
                    "cover_price":"149.00",
                    "brief":"",
                    "figure":"http://f.p.cycangcdn.com/1458285839004.jpg",
                    "sell_time_start":"1458230400",
                    "sell_time_end":"1458835200"
                },
                {
                    "product_id":"589",
                    "channel_id":"8",
                    "brand_id":"266",
                    "p_catalog_id":"12",
                    "supplier_type":"2",
                    "supplier_code":"1801001",
                    "name":"定制【Neverland 原创】直发 烫金lolita 人鱼之歌 高腰JSK连衣裙",
                    "cover_price":"458.00",
                    "brief":"45天工期",
                    "figure":"http://f.p.cycangcdn.com/1438772068067.jpg",
                    "sell_time_start":"1438704000",
                    "sell_time_end":"1439308800"
                }
            ]
        },
        {
            "p_catalog_id":"51",
            "parent_id":"0",
            "name":"上衣",
            "pic":"",
            "is_deleted":"0",
            "child":[
                {
                    "p_catalog_id":"117",
                    "parent_id":"51",
                    "name":"古风",
                    "pic":"",
                    "is_deleted":"0"
                },
                {
                    "p_catalog_id":"52",
                    "parent_id":"51",
                    "name":"日常",
                    "pic":"http://brand.cycangcdn.com/product_catalog/1446017524434.jpg",
                    "is_deleted":"0"
                },
                {
                    "p_catalog_id":"96",
                    "parent_id":"51",
                    "name":"泳衣",
                    "pic":"http://brand.cycangcdn.com/product_catalog/1449216802403.jpg",
                    "is_deleted":"0"
                },
                {
                    "p_catalog_id":"109",
                    "parent_id":"51",
                    "name":"汉风",
                    "pic":"http://brand.cycangcdn.com/product_catalog/1465383063303.jpg",
                    "is_deleted":"0"
                },
                {
                    "p_catalog_id":"55",
                    "parent_id":"51",
                    "name":"lolita",
                    "pic":"http://brand.cycangcdn.com/product_catalog/1446017570261.jpg",
                    "is_deleted":"0"
                },
                {
                    "p_catalog_id":"56",
                    "parent_id":"51",
                    "name":"创意T恤",
                    "pic":"http://brand.cycangcdn.com/product_catalog/1446017583897.jpg",
                    "is_deleted":"0"
                }
            ]
        },
        {
            "p_catalog_id":"57",
            "parent_id":"0",
            "name":"下装",
            "pic":"",
            "is_deleted":"0",
            "child":[
                {
                    "p_catalog_id":"110",
                    "parent_id":"57",
                    "name":"汉风",
                    "pic":"http://brand.cycangcdn.com/product_catalog/1465383117300.jpg",
                    "is_deleted":"0"
                },
                {
                    "p_catalog_id":"59",
                    "parent_id":"57",
                    "name":"古风",
                    "pic":"http://brand.cycangcdn.com/product_catalog/1446017608030.jpg",
                    "is_deleted":"0"
                },
                {
                    "p_catalog_id":"61",
                    "parent_id":"57",
                    "name":"lolita",
                    "pic":"http://brand.cycangcdn.com/product_catalog/1446017628543.jpg",
                    "is_deleted":"0"
                },
                {
                    "p_catalog_id":"62",
                    "parent_id":"57",
                    "name":"胖次",
                    "pic":"http://brand.cycangcdn.com/product_catalog/1446017713072.jpg",
                    "is_deleted":"0"
                },
                {
                    "p_catalog_id":"63",
                    "parent_id":"57",
                    "name":"南瓜裤",
                    "pic":"http://brand.cycangcdn.com/product_catalog/1446017725424.jpg",
                    "is_deleted":"0"
                },
                {
                    "p_catalog_id":"88",
                    "parent_id":"57",
                    "name":"日常",
                    "pic":"http://brand.cycangcdn.com/product_catalog/1446017744373.jpg",
                    "is_deleted":"0"
                }
            ]
        },
        {
            "p_catalog_id":"64",
            "parent_id":"0",
            "name":"外套",
            "pic":"",
            "is_deleted":"0",
            "child":[
                {
                    "p_catalog_id":"65",
                    "parent_id":"64",
                    "name":"日常",
                    "pic":"http://brand.cycangcdn.com/product_catalog/1446017786075.jpg",
                    "is_deleted":"0"
                },
                {
                    "p_catalog_id":"111",
                    "parent_id":"64",
                    "name":"汉风",
                    "pic":"http://brand.cycangcdn.com/product_catalog/1465384012358.jpg",
                    "is_deleted":"0"
                },
                {
                    "p_catalog_id":"67",
                    "parent_id":"64",
                    "name":"和风",
                    "pic":"http://brand.cycangcdn.com/product_catalog/1446017802214.jpg",
                    "is_deleted":"0"
                },
                {
                    "p_catalog_id":"68",
                    "parent_id":"64",
                    "name":"lolita",
                    "pic":"http://brand.cycangcdn.com/product_catalog/1446017835551.jpg",
                    "is_deleted":"0"
                }
            ]
        },
        {
            "p_catalog_id":"69",
            "parent_id":"0",
            "name":"配件",
            "pic":"",
            "is_deleted":"0",
            "child":[
                {
                    "p_catalog_id":"70",
                    "parent_id":"69",
                    "name":"帽子",
                    "pic":"http://brand.cycangcdn.com/product_catalog/1446017867549.jpg",
                    "is_deleted":"0"
                },
                {
                    "p_catalog_id":"105",
                    "parent_id":"69",
                    "name":"围巾",
                    "pic":"http://brand.cycangcdn.com/product_catalog/1461642090192.jpg",
                    "is_deleted":"0"
                },
                {
                    "p_catalog_id":"71",
                    "parent_id":"69",
                    "name":"配饰",
                    "pic":"http://brand.cycangcdn.com/product_catalog/1446017886090.jpg",
                    "is_deleted":"0"
                },
                {
                    "p_catalog_id":"72",
                    "parent_id":"69",
                    "name":"手表",
                    "pic":"http://brand.cycangcdn.com/product_catalog/1446017897843.jpg",
                    "is_deleted":"0"
                },
                {
                    "p_catalog_id":"73",
                    "parent_id":"69",
                    "name":"首饰",
                    "pic":"http://brand.cycangcdn.com/product_catalog/1446017920333.jpg",
                    "is_deleted":"0"
                },
                {
                    "p_catalog_id":"74",
                    "parent_id":"69",
                    "name":"鞋子",
                    "pic":"http://brand.cycangcdn.com/product_catalog/1446017931323.jpg",
                    "is_deleted":"0"
                },
                {
                    "p_catalog_id":"84",
                    "parent_id":"69",
                    "name":"袜子",
                    "pic":"http://brand.cycangcdn.com/product_catalog/1446017947046.jpg",
                    "is_deleted":"0"
                }
            ]
        },
        {
            "p_catalog_id":"75",
            "parent_id":"0",
            "name":"包包",
            "pic":"",
            "is_deleted":"0",
            "child":[
                {
                    "p_catalog_id":"82",
                    "parent_id":"75",
                    "name":"单肩包",
                    "pic":"http://brand.cycangcdn.com/product_catalog/1446018101470.jpg",
                    "is_deleted":"0"
                },
                {
                    "p_catalog_id":"76",
                    "parent_id":"75",
                    "name":"女包",
                    "pic":"http://brand.cycangcdn.com/product_catalog/1446017977747.jpg",
                    "is_deleted":"0"
                },
                {
                    "p_catalog_id":"104",
                    "parent_id":"75",
                    "name":"其他",
                    "pic":"http://brand.cycangcdn.com/product_catalog/1465384002640.jpg",
                    "is_deleted":"0"
                },
                {
                    "p_catalog_id":"77",
                    "parent_id":"75",
                    "name":"钱包",
                    "pic":"http://brand.cycangcdn.com/product_catalog/1446018023668.jpg",
                    "is_deleted":"0"
                },
                {
                    "p_catalog_id":"78",
                    "parent_id":"75",
                    "name":"帆布袋",
                    "pic":"http://brand.cycangcdn.com/product_catalog/1446018040491.jpg",
                    "is_deleted":"0"
                },
                {
                    "p_catalog_id":"79",
                    "parent_id":"75",
                    "name":"背包",
                    "pic":"http://brand.cycangcdn.com/product_catalog/1446018052794.jpg",
                    "is_deleted":"0"
                },
                {
                    "p_catalog_id":"97",
                    "parent_id":"75",
                    "name":"拉箱",
                    "pic":"http://brand.cycangcdn.com/product_catalog/1449660841905.jpg",
                    "is_deleted":"0"
                }
            ]
        },
        {
            "p_catalog_id":"4",
            "parent_id":"0",
            "name":"装扮",
            "pic":"",
            "is_deleted":"0",
            "child":[
                {
                    "p_catalog_id":"18",
                    "parent_id":"4",
                    "name":"服装",
                    "pic":"http://brand.cycangcdn.com/product_catalog/1446016631439.jpg",
                    "is_deleted":"0"
                },
                {
                    "p_catalog_id":"19",
                    "parent_id":"4",
                    "name":"假发",
                    "pic":"http://brand.cycangcdn.com/product_catalog/1446016650875.jpg",
                    "is_deleted":"0"
                },
                {
                    "p_catalog_id":"20",
                    "parent_id":"4",
                    "name":"道具",
                    "pic":"http://brand.cycangcdn.com/product_catalog/1446016673365.jpg",
                    "is_deleted":"0"
                },
                {
                    "p_catalog_id":"21",
                    "parent_id":"4",
                    "name":"妆面",
                    "pic":"http://brand.cycangcdn.com/product_catalog/1446016713541.jpg",
                    "is_deleted":"0"
                }
            ]
        },
        {
            "p_catalog_id":"5",
            "parent_id":"0",
            "name":"居家宅品",
            "pic":"",
            "is_deleted":"0",
            "child":[
                {
                    "p_catalog_id":"90",
                    "parent_id":"5",
                    "name":"创意宅物",
                    "pic":"http://brand.cycangcdn.com/product_catalog/1446017175586.jpg",
                    "is_deleted":"0"
                },
                {
                    "p_catalog_id":"86",
                    "parent_id":"5",
                    "name":"毛巾",
                    "pic":"http://brand.cycangcdn.com/product_catalog/1446017158779.jpg",
                    "is_deleted":"0"
                },
                {
                    "p_catalog_id":"85",
                    "parent_id":"5",
                    "name":"眼镜布",
                    "pic":"http://brand.cycangcdn.com/product_catalog/1446017110058.jpg",
                    "is_deleted":"0"
                },
                {
                    "p_catalog_id":"81",
                    "parent_id":"5",
                    "name":"家纺品",
                    "pic":"http://brand.cycangcdn.com/product_catalog/1446017029488.jpg",
                    "is_deleted":"0"
                },
                {
                    "p_catalog_id":"48",
                    "parent_id":"5",
                    "name":"手办",
                    "pic":"http://brand.cycangcdn.com/product_catalog/1446017012089.jpg",
                    "is_deleted":"0"
                },
                {
                    "p_catalog_id":"99",
                    "parent_id":"5",
                    "name":"零食",
                    "pic":"http://brand.cycangcdn.com/product_catalog/1449828955995.png",
                    "is_deleted":"0"
                },
                {
                    "p_catalog_id":"100",
                    "parent_id":"5",
                    "name":"节日特典",
                    "pic":"http://brand.cycangcdn.com/product_catalog/1450682473783.png",
                    "is_deleted":"0"
                },
                {
                    "p_catalog_id":"115",
                    "parent_id":"5",
                    "name":"优惠券",
                    "pic":"http://brand.cycangcdn.com/product_catalog/1469183837648.png",
                    "is_deleted":"0"
                },
                {
                    "p_catalog_id":"113",
                    "parent_id":"5",
                    "name":"BJD",
                    "pic":"http://brand.cycangcdn.com/product_catalog/1468306500168.jpg",
                    "is_deleted":"0"
                },
                {
                    "p_catalog_id":"107",
                    "parent_id":"5",
                    "name":"兵人",
                    "pic":"http://brand.cycangcdn.com/product_catalog/1465383093721.jpg",
                    "is_deleted":"0"
                },
                {
                    "p_catalog_id":"106",
                    "parent_id":"5",
                    "name":"桌游",
                    "pic":"http://brand.cycangcdn.com/product_catalog/1461814801527.jpg",
                    "is_deleted":"0"
                },
                {
                    "p_catalog_id":"23",
                    "parent_id":"5",
                    "name":"明信片",
                    "pic":"http://brand.cycangcdn.com/product_catalog/1446016836847.jpg",
                    "is_deleted":"0"
                },
                {
                    "p_catalog_id":"24",
                    "parent_id":"5",
                    "name":"书籍",
                    "pic":"http://brand.cycangcdn.com/product_catalog/1446016851701.jpg",
                    "is_deleted":"0"
                },
                {
                    "p_catalog_id":"25",
                    "parent_id":"5",
                    "name":"扭蛋/蛋盒",
                    "pic":"http://brand.cycangcdn.com/product_catalog/1446016874422.jpg",
                    "is_deleted":"0"
                },
                {
                    "p_catalog_id":"26",
                    "parent_id":"5",
                    "name":"挂件",
                    "pic":"http://brand.cycangcdn.com/product_catalog/1446016891091.jpg",
                    "is_deleted":"0"
                },
                {
                    "p_catalog_id":"27",
                    "parent_id":"5",
                    "name":"挂画海报",
                    "pic":"http://brand.cycangcdn.com/product_catalog/1446016906565.jpg",
                    "is_deleted":"0"
                },
                {
                    "p_catalog_id":"28",
                    "parent_id":"5",
                    "name":"餐具",
                    "pic":"http://brand.cycangcdn.com/product_catalog/1446016944877.jpg",
                    "is_deleted":"0"
                },
                {
                    "p_catalog_id":"29",
                    "parent_id":"5",
                    "name":"公仔",
                    "pic":"http://brand.cycangcdn.com/product_catalog/1446016961418.jpg",
                    "is_deleted":"0"
                },
                {
                    "p_catalog_id":"17",
                    "parent_id":"5",
                    "name":"雨伞",
                    "pic":"http://brand.cycangcdn.com/product_catalog/1446016762275.jpg",
                    "is_deleted":"0"
                },
                {
                    "p_catalog_id":"30",
                    "parent_id":"5",
                    "name":"DIY",
                    "pic":"http://brand.cycangcdn.com/product_catalog/1446016974517.jpg",
                    "is_deleted":"0"
                },
                {
                    "p_catalog_id":"31",
                    "parent_id":"5",
                    "name":"扇子",
                    "pic":"http://brand.cycangcdn.com/product_catalog/1446016989168.jpg",
                    "is_deleted":"0"
                },
                {
                    "p_catalog_id":"22",
                    "parent_id":"5",
                    "name":"抱枕",
                    "pic":"http://brand.cycangcdn.com/product_catalog/1446016784975.jpg",
                    "is_deleted":"0"
                },
                {
                    "p_catalog_id":"83",
                    "parent_id":"5",
                    "name":"等身抱枕",
                    "pic":"http://brand.cycangcdn.com/product_catalog/1446017074190.jpg",
                    "is_deleted":"0"
                },
                {
                    "p_catalog_id":"98",
                    "parent_id":"5",
                    "name":"护肤品",
                    "pic":"http://brand.cycangcdn.com/product_catalog/1449660885387.jpg",
                    "is_deleted":"0"
                }
            ]
        },
        {
            "p_catalog_id":"6",
            "parent_id":"0",
            "name":"办公文具",
            "pic":"",
            "is_deleted":"0",
            "child":[
                {
                    "p_catalog_id":"32",
                    "parent_id":"6",
                    "name":"笔记本",
                    "pic":"http://brand.cycangcdn.com/product_catalog/1446017226590.jpg",
                    "is_deleted":"0"
                },
                {
                    "p_catalog_id":"33",
                    "parent_id":"6",
                    "name":"文件夹",
                    "pic":"http://brand.cycangcdn.com/product_catalog/1446017259628.jpg",
                    "is_deleted":"0"
                },
                {
                    "p_catalog_id":"34",
                    "parent_id":"6",
                    "name":"便签本",
                    "pic":"http://brand.cycangcdn.com/product_catalog/1446017278468.jpg",
                    "is_deleted":"0"
                },
                {
                    "p_catalog_id":"35",
                    "parent_id":"6",
                    "name":"笔袋笔筒",
                    "pic":"http://brand.cycangcdn.com/product_catalog/1446017289189.jpg",
                    "is_deleted":"0"
                },
                {
                    "p_catalog_id":"37",
                    "parent_id":"6",
                    "name":"卡套/卡贴",
                    "pic":"http://brand.cycangcdn.com/product_catalog/1446017305527.jpg",
                    "is_deleted":"0"
                },
                {
                    "p_catalog_id":"38",
                    "parent_id":"6",
                    "name":"和风纸胶带",
                    "pic":"http://brand.cycangcdn.com/product_catalog/1446017320396.jpg",
                    "is_deleted":"0"
                },
                {
                    "p_catalog_id":"87",
                    "parent_id":"6",
                    "name":"笔墨",
                    "pic":"http://brand.cycangcdn.com/product_catalog/1446017336258.jpg",
                    "is_deleted":"0"
                }
            ]
        },
        {
            "p_catalog_id":"7",
            "parent_id":"0",
            "name":"数码周边",
            "pic":"",
            "is_deleted":"0",
            "child":[
                {
                    "p_catalog_id":"93",
                    "parent_id":"7",
                    "name":"票务",
                    "pic":"http://brand.cycangcdn.com/product_catalog/1454484273989.jpg",
                    "is_deleted":"0"
                },
                {
                    "p_catalog_id":"118",
                    "parent_id":"7",
                    "name":"钢化膜",
                    "pic":"",
                    "is_deleted":"0"
                },
                {
                    "p_catalog_id":"50",
                    "parent_id":"7",
                    "name":"手机壳",
                    "pic":"http://brand.cycangcdn.com/product_catalog/1446017444813.jpg",
                    "is_deleted":"0"
                },
                {
                    "p_catalog_id":"116",
                    "parent_id":"7",
                    "name":"Wacom系列",
                    "pic":"http://f.p.cycangcdn.com/1472112184129.jpg",
                    "is_deleted":"0"
                },
                {
                    "p_catalog_id":"112",
                    "parent_id":"7",
                    "name":"交通卡",
                    "pic":"http://brand.cycangcdn.com/product_catalog/1465808719970.jpg",
                    "is_deleted":"0"
                },
                {
                    "p_catalog_id":"103",
                    "parent_id":"7",
                    "name":"鼠键",
                    "pic":"http://brand.cycangcdn.com/product_catalog/1454061759825.jpg",
                    "is_deleted":"0"
                },
                {
                    "p_catalog_id":"102",
                    "parent_id":"7",
                    "name":"U盘",
                    "pic":"http://brand.cycangcdn.com/product_catalog/1454061108683.jpg",
                    "is_deleted":"0"
                },
                {
                    "p_catalog_id":"101",
                    "parent_id":"7",
                    "name":"耳机",
                    "pic":"http://brand.cycangcdn.com/product_catalog/1454060084922.png",
                    "is_deleted":"0"
                },
                {
                    "p_catalog_id":"39",
                    "parent_id":"7",
                    "name":"移动电源",
                    "pic":"http://brand.cycangcdn.com/product_catalog/1446017382141.jpg",
                    "is_deleted":"0"
                },
                {
                    "p_catalog_id":"40",
                    "parent_id":"7",
                    "name":"鼠标垫",
                    "pic":"http://brand.cycangcdn.com/product_catalog/1446017408013.jpg",
                    "is_deleted":"0"
                },
                {
                    "p_catalog_id":"41",
                    "parent_id":"7",
                    "name":"金属贴",
                    "pic":"http://brand.cycangcdn.com/product_catalog/1446017422349.jpg",
                    "is_deleted":"0"
                }
            ]
        },
        {
            "p_catalog_id":"8",
            "parent_id":"0",
            "name":"游戏专区",
            "pic":"",
            "is_deleted":"0",
            "child":[
                {
                    "p_catalog_id":"42",
                    "parent_id":"8",
                    "name":"AR专区",
                    "pic":"http://brand.cycangcdn.com/product_catalog/1446017464778.jpg",
                    "is_deleted":"0"
                }
            ]
        }
    ]
}
