[{
    "code":200,
    "msg":"请求成功",
    "result":{
        "product_info":{
            "product_id":"2855",
            "channel_id":"3",
            "brand_id":"258",
            "p_catalog_id":"65",
            "supplier_type":"2",
            "supplier_code":"2105003",
            "name":"【宅漫周边店】柴犬doge周边 可爱萌 牛角扣学院风呢子大衣 动漫外套",
            "cover_price":"168.00",
            "figure":"http://f.p.cycangcdn.com/1476170715116.jpg",
            "assoc_products":false,
            "origin_price":"168.00",
            "supplier_name":"宅漫周边店",
            "meiqia_ent_id":"0",
            "tag_data":[

            ],
            "meiqia_ent_url":"https://static.meiqia.com/dist/standalone.html?eid=17853&metadata=%7B%22%5Cu5546%5Cu54c1%5Cu94fe%5Cu63a5%22%3A%22http%3A%5C%2F%5C%2Fcycang.com%5C%2Findex.php%3Fa%3Dp%26id%3D2855%22%7D",
            "is_fav":0,
            "detail_url":"http://app.cycang.com/index.php?c=product&a=detail&id=2855",
            "price_gap_string":"￥168.00",
            "total_price":"168.00"
        },
        "stock_info":[
            {
                "sku_id":"9150",
                "product_id":"2855",
                "attribute":"S码",
                "type":"0",
                "limit_nums":"5",
                "min_nums":"1",
                "price":"168.00",
                "sell_nums":"23",
                "final_payment":"0.00",
                "can_sale":1,
                "total_price":"168.00"
            },
            {
                "sku_id":"9151",
                "product_id":"2855",
                "attribute":"M码",
                "type":"0",
                "limit_nums":"5",
                "min_nums":"1",
                "price":"168.00",
                "sell_nums":"30",
                "final_payment":"0.00",
                "can_sale":1,
                "total_price":"168.00"
            },
            {
                "sku_id":"9152",
                "product_id":"2855",
                "attribute":"L码",
                "type":"0",
                "limit_nums":"5",
                "min_nums":"1",
                "price":"168.00",
                "sell_nums":"27",
                "final_payment":"0.00",
                "can_sale":1,
                "total_price":"168.00"
            },
            {
                "sku_id":"29400",
                "product_id":"2855",
                "attribute":"XL码",
                "type":"0",
                "limit_nums":"2",
                "min_nums":"1",
                "price":"168.00",
                "sell_nums":"5",
                "final_payment":"0.00",
                "can_sale":1,
                "total_price":"168.00"
            }
        ],
        "gallery_info":false
    }
}
]
