{
   "imglist":[
      "/images/TB2qh75gVXXXXcxXpXXXXXXXXXX_!!150624625.jpg",
      "/images/TB2eLX7XVHzQeBjSZFpXXXm1XXa_!!150624625.jpg",
      "/images/TB2Izh7XV_AQeBjSZFvXXbnKXXa_!!150624625.jpg",
      "/images/TB2T6h7XV_AQeBjSZFvXXbnKXXa_!!150624625.jpg",
      "/images/TB28eRpXai5V1BjSspcXXcSrFXa_!!150624625.jpg",
      "/images/TB2st4pXai5V1Bjy1zkXXcL4VXa_!!150624625.jpg",
      "/images/TB241VpXai5V1BjSspcXXcSrFXa_!!150624625.jpg",
      "/images/TB2J6FpXai5V1BjSspeXXcWPFXa_!!150624625.jpg",
      "/images/TB2agxpXX95V1Bjy0FhXXb5wXXa_!!150624625.jpg"
   ],
   "recommend":[{
         "imgurl":"/images/1444648772521.jpg",
         "text":"【画影】情侣 闺蜜装 居家外出两用外套 蓝色北极熊",
         "price":"￥68"
      },{
         "imgurl":"/images/1447036942992.jpg",
         "text":"【画影】恶魔喵 万圣节Ver. 猫星人 原创日常加绒卫衣 ",
         "price":"￥185"
      },
      {
         "imgurl":"/images/1447676573565.jpg",
         "text":"【绝对萌域】舰队Collection 北方酱 纯棉拉链连帽卫衣外套秋冬",
         "price":"￥119"
      },{
            "imgurl":"/images/1448423767352.jpg",
            "text":"【古怪舍】原创 魔法少女两面穿秋装长款外套 带帽子开衫 A158",
            "price":"￥159"
         },{
            "imgurl":"/images/1468463011481.jpg",
            "text":"【宅漫周边店】猫咪后院周边 灰猫cos卫衣  动漫连帽外套",
            "price":"￥243.60"
         },
         {
            "imgurl":"/images/1476170715116.jpg",
            "text":"【少量现货】【喵鹿酱】招财猫羽织 T恤 短裙套装  ",
            "price":"￥139"
         }
   ],
   "title":"各位亲们要注意哦~这款大衣偏修身的哦~需要宽松些的亲选择大一些的哦！"

}
