{
   "imglist":[
      "/images/TB2QPPSaqm5V1BjSsppXXcMCVXa_!!35247167.jpg",
      "/images/TB2EmLRap55V1Bjy0FnXXc5XFXa_!!35247167.jpg",
      "/images/TB22rYRap55V1Bjy1XcXXXQjFXa_!!35247167.jpg"
   ],
   "recommend":[{
         "imgurl":"/images/1467361365770.jpg",
         "text":"【USEE哟喜】 原创纹身贴防水 黑白彩色持久男女森女蝴蝶鹿 特惠套装",
         "price":"￥22.00"
      },{
         "imgurl":"/images/1450945896654.jpg",
         "text":"【画影】古风黑檀木发簪——雪回",
         "price":"￥25.00"
      },
      {
         "imgurl":"/images/1449737167229.jpg",
         "text":"【画影】古风 头饰 仿真绢花冰丝流苏手工发夹",
         "price":"￥15"
      },{
            "imgurl":"/images/1448423767352.jpg",
            "text":"【USEE哟喜】 原创防水纹身贴 樱花 可爱彩色持久 贴纸",
            "price":"￥159"
         },{
            "imgurl":"/images/1438844970464.jpg",
            "text":"【欧式小皇冠】 头饰 发夹  配送丝带 可拆卸变装",
            "price":"￥243.60"
         },
         {
            "imgurl":"/images/1443527174561.jpg",
            "text":"【画影】古风 头饰 Lolita 羊尾巴 装饰毛钱流苏发夹",
            "price":"￥139"
         }
   ],
   "title":"注意：耳挂为单只！！耳挂为单只！！耳挂为单只！！耳挂为单只！！需要一对的请拍下两件！！默认是制作左耳的耳挂！可备注左右耳"

}
