{
	"code": 200,
	"msg": "\u8bf7\u6c42\u6210\u529f",
	"result": {
		"page_data": [{
			"product_id": "6633",
			"origin_price": "132.00",
			"channel_id": "8",
			"brand_id": "394",
			"p_catalog_id": "67",
			"supplier_type": "2",
			"supplier_code": "1101037",
			"name": "\u3010\u753b\u5f71\u3011\u73b0\u8d27  \u5c0f\u72d0\u72f8\u7fbd\u7ec7 ",
			"cover_price": "132.00",
			"brief": "\u7ea2\u9ed1\u6b3e\u662f\u73b0\u8d27\u54e6\u00b7~\u73b0\u8d27\u4e0d\u914d\u9001\u53d1\u5e26~~\u7ea2\u9ed1\u6b3e\u662f\u73b0\u8d27\u54e6\u00b7~\u73b0\u8d27\u4e0d\u914d\u9001\u53d1\u5e26~~\u7ea2\u9ed1\u6b3e\u662f\u73b0\u8d27\u54e6\u00b7~\u73b0\u8d27\u4e0d\u914d\u9001\u53d1\u5e26~~ \u91cd\u8981\u7684\u4e8b\u60c5\u8bf4\u4e09\u6b21~",
			"figure": "http:\/\/f.p.cycangcdn.com\/1466759461799.jpg",
			"sell_time_start": "1464019200",
			"sell_time_end": "1464624000"
		}, {
			"product_id": "3831",
			"origin_price": "54.00",
			"channel_id": "8",
			"brand_id": "5",
			"p_catalog_id": "84",
			"supplier_type": "1",
			"supplier_code": "0",
			"name": "\u8d85\u840c \u5047\u900f\u8089 \u62fc\u63a5 \u8e29\u811a\u8fc7\u819d\u6253\u5e95\u889c \u88e4\u889c-\u52a0\u7ed2\u4fdd\u6696",
			"cover_price": "29.00",
			"brief": "",
			"figure": "http:\/\/f.p.cycangcdn.com\/1452161899947.jpg",
			"sell_time_start": "1451577600",
			"sell_time_end": "1452182400"
		}, {
			"product_id": "3845",
			"origin_price": "38.00",
			"channel_id": "8",
			"brand_id": "183",
			"p_catalog_id": "70",
			"supplier_type": "2",
			"supplier_code": "100003",
			"name": "\u3010\u4e16\u754c\u7ebf\u7684\u5f7c\u5cb8\u3011\u70b8\u9e21\u5757 \u989c\u6587\u5b57 \u7f8a\u6bdb\u5462\u8d1d\u96f7\u5e3d \u5706\u6da6\u70e7\u997c\u5e3d \u4fdd\u6696\u3010\u9884\u552e\u3011",
			"cover_price": "38.00",
			"brief": "",
			"figure": "http:\/\/f.p.cycangcdn.com\/1451967280855.jpg",
			"sell_time_start": "1451923200",
			"sell_time_end": "1452528000"
		}, {
			"product_id": "3571",
			"origin_price": "287.00",
			"channel_id": "8",
			"brand_id": "259",
			"p_catalog_id": "12",
			"supplier_type": "2",
			"supplier_code": "1801005",
			"name": "\u3010INFANTA.\u5a74\u68b5\u5854\u3011\u5b66\u9662\u98ce\u5c16\u9886\u5916\u5957\/\u5927\u8863",
			"cover_price": "287.00",
			"brief": "",
			"figure": "http:\/\/f.p.cycangcdn.com\/1450433177397.jpg",
			"sell_time_start": "1450368000",
			"sell_time_end": "1450972800"
		}, {
			"product_id": "4628",
			"origin_price": "142.00",
			"channel_id": "8",
			"brand_id": "5",
			"p_catalog_id": "56",
			"supplier_type": "2",
			"supplier_code": "1201001",
			"name": "\u3010\u6f2b\u8e2a\u3011 \u539f\u521b\u53ef\u7231\u840c\u732b\u54aa\u5927\u4eba \u7acb\u4f53\u732b\u5c3eT\u6064 \u857e\u4e1d\u82b1\u8fb9\u5973",
			"cover_price": "79.00",
			"brief": "",
			"figure": "http:\/\/f.p.cycangcdn.com\/1461571069605.jpg",
			"sell_time_start": "1455638400",
			"sell_time_end": "1456243200"
		}, {
			"product_id": "6969",
			"origin_price": "68.00",
			"channel_id": "8",
			"brand_id": "403",
			"p_catalog_id": "29",
			"supplier_type": "2",
			"supplier_code": "100015",
			"name": "\u3010\u6d89\u5ddd\u539f\u521b\u3011\u5468\u8fb9\u5c0f\u7269 \u624b\u611f\u8d85\u597d\u8d85\u840c\u7684\u5154\u6bdb\u5c0f\u5154\u7eb8\u5305\u6302\/\u6bdb\u7ed2\u73a9\u5076",
			"cover_price": "68.00",
			"brief": "\u5154\u5154\u521a\u5230\u624b\u4f1a\u6709\u6d6e\u6bdb\uff0c\u591a\u62cd\u62cd\u6296\u6296\u5439\u5439\u63c9\u63c9\u5c31\u597d\u5566(",
			"figure": "http:\/\/f.p.cycangcdn.com\/1465620442251.jpg",
			"sell_time_start": "1465574400",
			"sell_time_end": "1466179200"
		}, {
			"product_id": "3691",
			"origin_price": "170.00",
			"channel_id": "8",
			"brand_id": "90",
			"p_catalog_id": "52",
			"supplier_type": "2",
			"supplier_code": "1201001",
			"name": "\u3010\u6f2b\u8e2a\u3011\u5bab\u5d0e\u9a8f \u9f99\u732b\u5957\u88c5 \u5973\u51ac \u5e3d\u5b50\u886c\u886b\u80cc\u5fc3\u6253\u5e95\u88e4\u77ed\u88e4",
			"cover_price": "105.00",
			"brief": "\u80cc\u5fc3\u4e0a\u5c0f\u6302\u4ef6\u8d60\u5b8c\u5373\u6b62\u54e6\r\n",
			"figure": "http:\/\/f.p.cycangcdn.com\/1451012249243.jpg",
			"sell_time_start": "1450972800",
			"sell_time_end": "1451577600"
		}, {
			"product_id": "7729",
			"origin_price": "358.00",
			"channel_id": "8",
			"brand_id": "432",
			"p_catalog_id": "91",
			"supplier_type": "2",
			"supplier_code": "1601008",
			"name": "\u73b0\u8d27\u3010TUMO\u3011 \u96e8\u5e93\u6d1b\u724c\u5143\u7d20 \u8f6f\u59b9\u68ee\u5973\u7cfb\u77ed\u8896\u8fde\u8863\u88d9",
			"cover_price": "179.00",
			"brief": "",
			"figure": "http:\/\/f.p.cycangcdn.com\/supplier\/1467687105197.jpg",
			"sell_time_start": "0",
			"sell_time_end": "0"
		}, {
			"product_id": "5605",
			"origin_price": "99.00",
			"channel_id": "8",
			"brand_id": "234",
			"p_catalog_id": "67",
			"supplier_type": "2",
			"supplier_code": "2101001",
			"name": "\u3010\u53e4\u602a\u820d\u3011\u539f\u521b \u65e5\u672c\u548c\u98ce \u62db\u8d22\u732b\u548c\u670d\u6d74\u8863 \u5916\u5957 \u7a7a\u8c03\u5f00\u886bA8",
			"cover_price": "99.00",
			"brief": "",
			"figure": "http:\/\/f.p.cycangcdn.com\/1459131888532.jpg",
			"sell_time_start": "1459094400",
			"sell_time_end": "1459699200"
		}, {
			"product_id": "2879",
			"origin_price": "59.00",
			"channel_id": "8",
			"brand_id": "178",
			"p_catalog_id": "76",
			"supplier_type": "2",
			"supplier_code": "1101003",
			"name": "ISOS\u539f\u521b\u68ee\u7cfb\u751c\u7f8e\u5370\u82b1\u5355\u80a9\u659c\u630e\u5305\u5c0f\u65b9\u5305",
			"cover_price": "59.00",
			"brief": "",
			"figure": "http:\/\/f.p.cycangcdn.com\/1447903575122.jpg",
			"sell_time_start": "1447862400",
			"sell_time_end": "1448467200"
		}, {
			"product_id": "4947",
			"origin_price": "22.00",
			"channel_id": "8",
			"brand_id": "5",
			"p_catalog_id": "71",
			"supplier_type": "2",
			"supplier_code": "1101026",
			"name": "\u3010USEE\u54df\u559c\u3011 \u539f\u521b\u7eb9\u8eab\u8d34\u9632\u6c34 \u9ed1\u767d\u5f69\u8272\u6301\u4e45\u7537\u5973\u68ee\u5973\u8774\u8776\u9e7f \u7279\u60e0\u5957\u88c5",
			"cover_price": "22.00",
			"brief": "",
			"figure": "http:\/\/f.p.cycangcdn.com\/1467361365770.jpg",
			"sell_time_start": "1456848000",
			"sell_time_end": "1457452800"
		}, {
			"product_id": "4226",
			"origin_price": "348.00",
			"channel_id": "8",
			"brand_id": "5",
			"p_catalog_id": "65",
			"supplier_type": "2",
			"supplier_code": "1801007",
			"name": "\u3010 \u4e09\u8272\u747e\u3011\u7f8e\u5c11\u5973\u7684\u51ac\u5929 \u957f\u6b3e\u98ce\u8863 LOLITA \u65e5\u5e38 \u54e5\u7279\u98ce\u8863",
			"cover_price": "243.60",
			"brief": "",
			"figure": "http:\/\/f.p.cycangcdn.com\/1453477900441.jpg",
			"sell_time_start": "1453392000",
			"sell_time_end": "1453996800"
		}, {
			"product_id": "5914",
			"origin_price": "89.00",
			"channel_id": "8",
			"brand_id": "234",
			"p_catalog_id": "88",
			"supplier_type": "2",
			"supplier_code": "2101001",
			"name": "\u3010\u53e4\u602a\u820d\u3011\u539f\u521b\u8bbe\u8ba1 \u767e\u9b3c\u591c\u884c-\u51a5\u5e9c\u9b54\u9053\u548c\u98ce\u77ed\u88e4 \u65e5\u5f0f\u68c9\u9ebb\u9614\u817f\u88e4A70",
			"cover_price": "89.00",
			"brief": "",
			"figure": "http:\/\/f.p.cycangcdn.com\/1462352934101.jpg",
			"sell_time_start": "1460476800",
			"sell_time_end": "1461081600"
		}, {
			"product_id": "3722",
			"origin_price": "69.00",
			"channel_id": "8",
			"brand_id": "77",
			"p_catalog_id": "70",
			"supplier_type": "2",
			"supplier_code": "1201001",
			"name": "\u3010\u6f2b\u8e2a\u3011\u539f\u521b EVA \u660e\u65e5\u9999 \u55b5\u661f\u4eba \u8d85\u840c\u732b\u8033\u5e3d \u5fbd\u7ae0\u5e3d \u906e\u9633\u5e3d\u5b50 \u590f\u65e5\u51fa\u884c",
			"cover_price": "49.00",
			"brief": "\u9884\u552e\u671f\u81f37\u670829\u65e5\uff0c\u51fa\u8d27\u540e\u5c06\u6309\u8ba2\u5355\u987a\u5e8f\u5b89\u6392\u53d1\u8d27\u5662~",
			"figure": "http:\/\/f.p.cycangcdn.com\/1451107788981.jpg",
			"sell_time_start": "1451059200",
			"sell_time_end": "1451664000"
		}, {
			"product_id": "589",
			"origin_price": "458.00",
			"channel_id": "8",
			"brand_id": "266",
			"p_catalog_id": "12",
			"supplier_type": "2",
			"supplier_code": "1801001",
			"name": "\u5b9a\u5236\u3010Neverland \u539f\u521b\u3011\u76f4\u53d1 \u70eb\u91d1lolita \u4eba\u9c7c\u4e4b\u6b4c \u9ad8\u8170JSK\u8fde\u8863\u88d9",
			"cover_price": "458.00",
			"brief": "45\u5929\u5de5\u671f",
			"figure": "http:\/\/f.p.cycangcdn.com\/1438772068067.jpg",
			"sell_time_start": "1438704000",
			"sell_time_end": "1439308800"
		}, {
			"product_id": "2078",
			"origin_price": "39.00",
			"channel_id": "8",
			"brand_id": "227",
			"p_catalog_id": "52",
			"supplier_type": "2",
			"supplier_code": "1101048",
			"name": "\u3010\u7334\u585e\u96f7\u3011\u5b66\u9662\u98ce jk\u65e5\u5e38\u767e\u642d\u4e07\u7528 \u5706\u9886\u957f\u8896\u886c\u886b \u8212\u9002\u4e0d\u900f",
			"cover_price": "39.00",
			"brief": "5\u4e2a\u5de5\u4f5c\u65e5\u5185\u53d1\u8d27<br \/>",
			"figure": "http:\/\/f.p.cycangcdn.com\/1444469631679.jpg",
			"sell_time_start": "1444406400",
			"sell_time_end": "1445011200"
		}, {
			"product_id": "5614",
			"origin_price": "78.00",
			"channel_id": "8",
			"brand_id": "234",
			"p_catalog_id": "88",
			"supplier_type": "2",
			"supplier_code": "2101001",
			"name": "\u3010\u53e4\u602a\u820d\u3011\u539f\u521b \u65e5\u672c\u548c\u98ce\u670d\u9970-\u548c\u3002\u6247 \u68c9\u9ebb\u5370\u82b1\u77ed\u88e4 \u5973\u88c5\u9614\u817f\u88e4 A11",
			"cover_price": "78.00",
			"brief": "\u9884\u552e\u622a\u6b62\u52302\u53f7\u53d1\u8d27\u54e6~\r\n\u9884\u552e\u622a\u6b62\u52302\u53f7\u53d1\u8d27\u54e6~\r\n\u9884\u552e\u622a\u6b62\u52302\u53f7\u53d1\u8d27\u54e6~",
			"figure": "http:\/\/f.p.cycangcdn.com\/1459135580746.jpg",
			"sell_time_start": "1459094400",
			"sell_time_end": "1459699200"
		}, {
			"product_id": "6634",
			"origin_price": "98.00",
			"channel_id": "8",
			"brand_id": "5",
			"p_catalog_id": "88",
			"supplier_type": "2",
			"supplier_code": "1101037",
			"name": "\u3010\u753b\u5f71\u3011\u5c0f\u72d0\u72f8\u77ed\u88d9",
			"cover_price": "98.00",
			"brief": "\u7ea2\u9ed1\u77ed\u88d9\u662f\u73b0\u8d27\u54e6~",
			"figure": "http:\/\/f.p.cycangcdn.com\/1466759853976.jpg",
			"sell_time_start": "1464019200",
			"sell_time_end": "1464624000"
		}, {
			"product_id": "5800",
			"origin_price": "368.00",
			"channel_id": "8",
			"brand_id": "221",
			"p_catalog_id": "65",
			"supplier_type": "2",
			"supplier_code": "1102007",
			"name": "\u3010IRiS\u4e03\u53f6\u3011 \u7405\u740a\u699c\u884d\u751f\u2014\u2014\u6885\u957f\u82cf\u6597\u7bf7\u5168\u6b3e",
			"cover_price": "368.00",
			"brief": "",
			"figure": "http:\/\/f.p.cycangcdn.com\/1459910599503.jpg",
			"sell_time_start": "1459872000",
			"sell_time_end": "1460476800"
		}, {
			"product_id": "6882",
			"origin_price": "248.00",
			"channel_id": "8",
			"brand_id": "221",
			"p_catalog_id": "91",
			"supplier_type": "2",
			"supplier_code": "1102007",
			"name": "\u3010IRis\u4e03\u53f6\u3011\uff08\u539f\u521b\uff09  \u6d77\u519b\u9886 \u5c0f\u6e05\u65b0 \u7f8e\u6218 \u6728\u661f \u4e24\u4ef6\u5957\u8fde\u8863\u88d9--\u6728\u4e4b\u75d5",
			"cover_price": "248.00",
			"brief": "",
			"figure": "http:\/\/f.p.cycangcdn.com\/1465282901315.jpg",
			"sell_time_start": "1465228800",
			"sell_time_end": "1465833600"
		}],
		"catalog_data": false,
		"brand_data": false,
		"is_recommended": "0"
	}
}
