{
	"code": 200,
	"msg": "\u8bf7\u6c42\u6210\u529f",
	"result": {
		"page_data": [{
			"product_id": "8868",
			"origin_price": "418.00",
			"channel_id": "8",
			"brand_id": "450",
			"p_catalog_id": "12",
			"supplier_type": "1",
			"supplier_code": "0",
			"name": "\u9884\u552e \u3010Ever Tales\u3011\u4e2d\u534e\u98ce-\u9e64\u5f52-lolita\u6d0b\u88c5-JSK\u8fde\u8863\u88d9",
			"cover_price": "418.00",
			"brief": "\u5168\u6b3e\u9884\u552e\uff01\uff01\u9884\u552e\u671f\u81f39\u67085\u65e5\uff0c\u5236\u4f5c\u5de5\u671f\u7ea660\u65e5\uff0c11\u6708\u4e2d\u4e0b\u65ec\u53d1\u8d27\u3002",
			"figure": "http:\/\/f.p.cycangcdn.com\/1471832397944.jpg",
			"sell_time_start": "1471795200",
			"sell_time_end": "1472400000"
		}, {
			"product_id": "5970",
			"origin_price": "256.00",
			"channel_id": "8",
			"brand_id": "356",
			"p_catalog_id": "91",
			"supplier_type": "2",
			"supplier_code": "1101004",
			"name": "\u3010\u7edd\u5bf9\u840c\u57df\u3011 \u9ed1\u767d\u732b\u54aa \u9ed1\u55b5\u54aa \u77ed\u8896\u8fde\u8863\u88d9",
			"cover_price": "138.00",
			"brief": "\u732b\u54aa\u662f\u795e\u79d8\u7684\u5c0f\u52a8\u7269\u3002\u4f20\u8bf4\u5b83\u4eec\u80fd\u901a\u7075\u548c\u9a71\u9b54\uff0c\u7ed9\u4e3b\u4eba\u5e26\u6765\u597d\u8fd0\u3002\u53ef\u732b\u54aa\u4e5f\u88ab\u8ba4\u4e3a\u662f\u5973\u5deb\u5f79\u4f7f\u7684\u90aa\u6076\u7cbe\u7075\uff0c\u662f\u6076\u9b54\u7684\u5316\u8eab\u3002\u840c\u57df\u4e3a\u7231\u7f8e\u53c8\u7565\u5fae\u4e2d\u4e8c\u7684\u5b85MM\u4eec\uff0c\u8bbe\u8ba1\u4e86\u9ed1\u732b\u3001\u767d\u732b\u4e3b\u9898\u88d9\u88c5\uff0c\u4e0d\u540c\u7684\u98ce\u683c\u3001\u4e00\u6837\u7684\u53ef\u7231\u3002\u767d\u732b\u5957\u88c5\u7a7f\u4e0a\u6027\u611f\u4fcf\u76ae\uff0c\u9ed1\u8272\u8fde\u8863\u88d9\u8ba9\u4f60\u50cf\u732b\u54aa\u4e00\u6837\u4f18\u96c5\u53c8\u6709\u6c14\u8d28\u3002",
			"figure": "http:\/\/f.p.cycangcdn.com\/1463385771450.jpg",
			"sell_time_start": "1460649600",
			"sell_time_end": "1461254400"
		}, {
			"product_id": "7592",
			"origin_price": "168.00",
			"channel_id": "8",
			"brand_id": "284",
			"p_catalog_id": "109",
			"supplier_type": "2",
			"supplier_code": "802002",
			"name": "\u9884\u552e\u3010\u4e91\u843d\u79cb\u6c60\u3011 \u590f\u5b63 \u6c49\u5143\u7d20 \u5973 \u7ee3\u82b1\u5957\u88c5 \u540a\u5e26  \u77ed\u9a6c\u9762-\u98ce\u8377\u4e3e-\u4e0a\u8863",
			"cover_price": "118.00",
			"brief": "\u5168\u6b3e\u9884\u552e\uff01\uff01\u5168\u6b3e\u9884\u552e\uff01\u7b2c\u56db\u62798\u670831\u4e4b\u524d\u53d1\u8d27\uff01\uff01",
			"figure": "http:\/\/f.p.cycangcdn.com\/1467020417275.jpg",
			"sell_time_start": "1466956800",
			"sell_time_end": "1467561600"
		}, {
			"product_id": "3522",
			"origin_price": "188.00",
			"channel_id": "8",
			"brand_id": "5",
			"p_catalog_id": "52",
			"supplier_type": "1",
			"supplier_code": "1101015",
			"name": "\u3010\u6e38\u9e64\u5de5\u4f5c\u5ba4\u3011\u767e\u642d\u767d\u886c\u886b lo\u88c5\u767e\u642d \u65e5\u5e38\u767e\u642d",
			"cover_price": "168.00",
			"brief": "",
			"figure": "http:\/\/f.p.cycangcdn.com\/1450092601010.jpg",
			"sell_time_start": "1450022400",
			"sell_time_end": "1450627200"
		}, {
			"product_id": "8705",
			"origin_price": "999.00",
			"channel_id": "8",
			"brand_id": "5",
			"p_catalog_id": "55",
			"supplier_type": "2",
			"supplier_code": "1601013",
			"name": "\u5927\u8d27\u5236\u4f5c\u4e2d\u3010\u65f6\u4e4b\u7802lolita\u6d0b\u88c5\u3011\u91d1\u9c7c\u59ec\u886c\u8863\u3010\u5c55\u793a\u3011",
			"cover_price": "999.00",
			"brief": "\u3010\u91d1\u9c7c\u59ec\u3011 \u6539\u826f\u548c\u98ce\u3001\u5929\u4f7f\u632f\u8896\u3001\u8774\u8776\u7ed3\u3001\u6d41\u82cf\u3001\u76d8\u6263\uff0c\u53ef\u642d\u914d\u767d\u663c\u68a6\u548c\u670d\u88b4\uff0c5\u5904\u523a\u7ee3\uff0c4\u5904\u5927\u9762\u79ef\u523a\u7ee3\/\u53cc\u9762\u523a\u7ee3\u6210\u672c\u5f88\u9ad8\uff0c\u5927\u8d27\u9762\u6599\u91c7\u7528\u94f6\u4e1d\u7af9\u8282\u68c9 \uff08\u7eaf\u68c9\uff09\u8fdb\u53e3\u6377\u514b\u6c34\u6676\u540a\u5760\u3001\u739b\u7459\u6563\u73e0\u3001\u7f0e\u9762\u8774\u8776\u7ed3\u3002\u672c\u5546\u54c1\u76ee\u524d\u662f\u9884\u552e\uff0c\u5168\u6b3e298\u5143\uff0c\u9884\u552e\u65f6\u95f42016\u5e747\u6708\u81f39\u670830\u65e5\uff0c\u53d1\u8d27\u65f6\u95f410\u670815\u65e5\u81f310\u670830\u65e5\u3002\u6ce8\uff1a\u672c\u5546\u54c1\u4ece10\u6708\u4efd\u8d77\u4ef7\u683c\u4f1a\u8c03\u6574\u4e3a\u73b0\u8d27\u4ef7\u683c\uff08\u5c11\u91cf\u6389\u843d\uff09\uff0c\u73b0\u8d27\u4ef7\u683c\u4e3a368RMB\u3002",
			"figure": "http:\/\/f.p.cycangcdn.com\/supplier\/1470994412753.jpg",
			"sell_time_start": "0",
			"sell_time_end": "0"
		}, {
			"product_id": "6981",
			"origin_price": "6.90",
			"channel_id": "8",
			"brand_id": "5",
			"p_catalog_id": "84",
			"supplier_type": "1",
			"supplier_code": "1101035",
			"name": "\u3010\u539f\u521b\u77ed\u889c\u3011\u8f6f\u59b9\u5973\u889c \u539f\u521b \u523a\u7ee3\u889c\u5b50 \u767e\u642d \u5c11\u5973\u5fc3 jk\u65e5\u5e38",
			"cover_price": "6.90",
			"brief": "",
			"figure": "http:\/\/f.p.cycangcdn.com\/1465959861797.jpg",
			"sell_time_start": "1465660800",
			"sell_time_end": "1466265600"
		}, {
			"product_id": "4011",
			"origin_price": "99.00",
			"channel_id": "8",
			"brand_id": "234",
			"p_catalog_id": "88",
			"supplier_type": "2",
			"supplier_code": "2101001",
			"name": "\u3010\u53e4\u602a\u820d\u3011\u5b9a\u5236\u6b3e \u6b27\u5f0f\u590d\u53e4\u6b4c\u7279\u98ce\u7cfb\u5e26\u9ad8\u8170\u77ed\u88d9 \u534a\u8eab\u88d9\u5b50 \u4f1e\u88d9 A52",
			"cover_price": "79.00",
			"brief": "",
			"figure": "http:\/\/f.p.cycangcdn.com\/1452653909042.jpg",
			"sell_time_start": "1452614400",
			"sell_time_end": "1453219200"
		}, {
			"product_id": "3911",
			"origin_price": "66.00",
			"channel_id": "8",
			"brand_id": "3",
			"p_catalog_id": "84",
			"supplier_type": "2",
			"supplier_code": "300005",
			"name": "\u3010\u7b26\u8c5a\u7532\u80c4\u3011\u3010\u5251\u4e09\u540c\u4eba\u3011\u5251\u4e09 \u5929\u7b56 \u85cf\u5251 \u519b\u841d\u9e21\u841d\u70eb\u91d1\u889c \u65e5\u5e38lo\u889c",
			"cover_price": "48.00",
			"brief": "\u5404\u4f4d\u5973\u4fa0\u62ff\u5230\u889c\u5b50\u540e\u53ef\u4ee5\u5148\u8fdb\u884c\u68c0\u67e5\uff0c\u5982\u679c\u53d1\u73b0\u6709\u8d28\u91cf\u95ee\u9898\uff0c\u5982\u7834\u6d1e\uff0c\u56fe\u6848\u5370\u5237\u9519\u8bef\u7b49\u53ef\u4ee5\u76f4\u63a5\u8054\u7cfb\u5ba2\u670d\u8fdb\u884c\u9000\u6362\u8d27\u4e8b\u5b9c\u3002\u4f46\u662f\u9700\u8981\u8bf4\u660e\u7684\u662f\uff0c\u7531\u4e8e\u889c\u5b50\u5c5e\u4e8e\u8d34\u8eab\u7a7f\u7740\u5f39\u6027\u7269\u54c1\uff0c\u4e00\u65e6\u7a7f\u8fc7\u5f71\u54cd\u4e8c\u6b21\u9500\u552e\u5c06\u65e0\u6cd5\u9000\u6362\u8d27\uff01\u7a7f\u4e4b\u524d\u5148\u9a8c\u8d27\uff0c\u8c22\u8c22-3-",
			"figure": "http:\/\/f.p.cycangcdn.com\/supplier\/1452738608458.jpg",
			"sell_time_start": "1452182400",
			"sell_time_end": "1452787200"
		}, {
			"product_id": "1317",
			"origin_price": "98.00",
			"channel_id": "8",
			"brand_id": "178",
			"p_catalog_id": "76",
			"supplier_type": "2",
			"supplier_code": "1101003",
			"name": "\u539f\u521b\u8bbe\u8ba1ISOS\u68ee\u7cfb\u590d\u53e4\u5355\u80a9\u5305\u7ee3\u82b1\u5c0f\u9e1f\u751c\u7f8e\u659c\u8de8\u5c0f\u5305",
			"cover_price": "98.00",
			"brief": "<br \/><a href=\"http:\/\/detail.1688.com\/pic\/45641720896.html?spm=a261y.7663282.1998411378.1.JSWKgH\"><\/a>",
			"figure": "http:\/\/f.p.cycangcdn.com\/1441702026328.jpg",
			"sell_time_start": "1441641600",
			"sell_time_end": "1442246400"
		}, {
			"product_id": "2189",
			"origin_price": "88.00",
			"channel_id": "8",
			"brand_id": "180",
			"p_catalog_id": "52",
			"supplier_type": "2",
			"supplier_code": "1608001",
			"name": "\u3010\u6f2b\u9a7f\u7ad9\u3011\u5e72\u7269\u59b9\uff01\u5c0f\u57cb \u571f\u95f4\u57cb \u9488\u7ec7\u886b\u5f00\u886b\u5916\u5957",
			"cover_price": "88.00",
			"brief": "<p>\u8d27\u6e90\u7d27\u5f20 \u53ef\u80fd3-5\u5929 \u624d\u80fd\u53d1\u51fa<\/p><p>\u8d27\u6e90\u7d27\u5f20 \u53ef\u80fd3-5\u5929 \u624d\u80fd\u53d1\u51fa<br \/><\/p><p>\u8d27\u6e90\u7d27\u5f20 \u53ef\u80fd3-5\u5929 \u624d\u80fd\u53d1\u51fa<br \/><\/p>",
			"figure": "http:\/\/f.p.cycangcdn.com\/1444798199093.jpg",
			"sell_time_start": "1444752000",
			"sell_time_end": "1445356800"
		}, {
			"product_id": "6258",
			"origin_price": "288.00",
			"channel_id": "8",
			"brand_id": "90",
			"p_catalog_id": "91",
			"supplier_type": "2",
			"supplier_code": "1101004",
			"name": "\u3010\u7edd\u5bf9\u840c\u57df\u3011 \u5bab\u5d0e\u9a8f \u9f99\u732b \u591a\u591a\u6d1b \u4e24\u4ef6\u5957 \u77ed\u8896\u5957\u88c5 \u8fde\u8863\u88d9",
			"cover_price": "146.88",
			"brief": "\u9f99\u732b\u662f\u80d6\u4e4e\u4e4e\u7684\u53e4\u602a\u751f\u7269\uff0c\u5584\u826f\u53c8\u6e29\u548c\u3002\u5f88\u4e45\u4ee5\u524d\u5c31\u60a0\u54c9\u60a0\u54c9\u7684\u4f4f\u5728\u68ee\u6797\u7684\u6df1\u5904\uff0c\u5b83\u4eec\u662f\u6df1\u6797\u5b88\u62a4\u8005\uff0c\u636e\u8bf4\u53ea\u6709\u597d\u5b69\u5b50\u624d\u770b\u7684\u5230\u5662\uff01\u751c\u7f8e\u53ef\u7231\u7684\u9f99\u732b\u4e3b\u9898\u5c11\u5973\u5957\u88c5\uff0c\u65b0\u9762\u6599\u9526\u68c9\u5782\u611f\u6781\u597d\u3001\u5e73\u6ed1\u4e0d\u76b1\uff0c\u67d4\u8f6f\u900f\u6c14\uff0c\u6b63\u597d\u9002\u5408\u590f\u5b63\u5356\u840c~\r\n",
			"figure": "http:\/\/f.p.cycangcdn.com\/1462417275857.jpg",
			"sell_time_start": "1462377600",
			"sell_time_end": "1462982400"
		}, {
			"product_id": "4225",
			"origin_price": "288.00",
			"channel_id": "8",
			"brand_id": "289",
			"p_catalog_id": "65",
			"supplier_type": "2",
			"supplier_code": "1801007",
			"name": "\u3010\u4e09\u8272\u747e\u3011\u5462\u5b50JK\u5236\u670d \u897f\u5f0f\u53cc\u6392\u6263 \u5462\u5927\u8863\u5c11\u5973\u65e5\u7cfb\u5b66\u9662\u98ce\u767e\u642d \u51ac\u6b3e\u52a0\u539a",
			"cover_price": "168.00",
			"brief": "",
			"figure": "http:\/\/f.p.cycangcdn.com\/1453477011400.jpg",
			"sell_time_start": "1453392000",
			"sell_time_end": "1453996800"
		}, {
			"product_id": "4960",
			"origin_price": "9.00",
			"channel_id": "8",
			"brand_id": "5",
			"p_catalog_id": "71",
			"supplier_type": "2",
			"supplier_code": "1101026",
			"name": "\u3010USEE\u54df\u559c\u3011 \u539f\u521b\u9632\u6c34\u7eb9\u8eab\u8d34 \u5e7b\u5f69\u72ec\u89d2\u517d  \u5f69\u8272\u6301\u4e45 \u8d34\u7eb8",
			"cover_price": "9.00",
			"brief": "",
			"figure": "http:\/\/f.p.cycangcdn.com\/supplier\/1469982048761.jpg",
			"sell_time_start": "1456934400",
			"sell_time_end": "1457539200"
		}, {
			"product_id": "5150",
			"origin_price": "280.00",
			"channel_id": "8",
			"brand_id": "5",
			"p_catalog_id": "10",
			"supplier_type": "2",
			"supplier_code": "1801008",
			"name": "\u3010Dimension\u6b21\u5143\u3011\u542c\u4e66 \u4e2d\u534e\u98ce\u5236\u670d \u77ed\u8896\u6c34\u624b\u8fde\u8863\u88d9 \u9752\u82b1",
			"cover_price": "280.00",
			"brief": "",
			"figure": "http:\/\/f.p.cycangcdn.com\/1457419647834.jpg",
			"sell_time_start": "1457366400",
			"sell_time_end": "1457971200"
		}, {
			"product_id": "2406",
			"origin_price": "159.00",
			"channel_id": "8",
			"brand_id": "23",
			"p_catalog_id": "65",
			"supplier_type": "2",
			"supplier_code": "1101004",
			"name": "\u3010\u7edd\u5bf9\u840c\u57df\u3011\u8230\u961fCollection \u5317\u65b9\u9171 \u7eaf\u68c9\u62c9\u94fe\u8fde\u5e3d\u536b\u8863\u5916\u5957\u79cb\u51ac",
			"cover_price": "159.00",
			"brief": "\u5df2\u5230\u8d27\uff0c\u53d1\u8d27\u4e2d",
			"figure": "http:\/\/f.p.cycangcdn.com\/1445568698438.jpg",
			"sell_time_start": "1445529600",
			"sell_time_end": "1446134400"
		}, {
			"product_id": "8920",
			"origin_price": "333.00",
			"channel_id": "8",
			"brand_id": "394",
			"p_catalog_id": "10",
			"supplier_type": "2",
			"supplier_code": "1101037",
			"name": "\u3010\u753b\u5f71\u3011\u73b0\u8d27 \u5154\u5b501\u53f7  \u53e4\u98ce\u65e5\u5e38\u8fde\u8863\u88d9 \u5957\u88c5",
			"cover_price": "333.00",
			"brief": "\u73b0\u8d27\u54e6~",
			"figure": "http:\/\/f.p.cycangcdn.com\/1472021920763.jpg",
			"sell_time_start": "1471968000",
			"sell_time_end": "1472572800"
		}, {
			"product_id": "2520",
			"origin_price": "80.00",
			"channel_id": "8",
			"brand_id": "249",
			"p_catalog_id": "12",
			"supplier_type": "2",
			"supplier_code": "1101016",
			"name": "\u3010\u73b0\u8d27\u3011\u3010GIRLISM\u5c11\u5973\u4e3b\u4e49\u3011 \u7b2c2\u671f 2015\u79cb\u5b63\u520a lolita",
			"cover_price": "80.00",
			"brief": "\u3010\u73b0\u8d27\u3011\u56e0\u9884\u552e\u671f\u8ba2\u5355\u6bd4\u8f83\u591a\uff0c\u7269\u6d41\u4ed3\u5df2\u7ecf\u5728\u6309\u4e0b\u5355\u7684\u5148\u540e\u987a\u5e8f\u9646\u9646\u7eed\u7eed\u53d1\u8d27\u4e2d\uff0c\u8bf7\u5927\u5bb6\u8010\u5fc3\u7b49\u5019(\u3065\uffe33\uffe3)\u3065\u256d\u2764\uff5e",
			"figure": "http:\/\/f.p.cycangcdn.com\/1446103125270.jpg",
			"sell_time_start": "1446048000",
			"sell_time_end": "1446652800"
		}, {
			"product_id": "7064",
			"origin_price": "39.00",
			"channel_id": "8",
			"brand_id": "383",
			"p_catalog_id": "84",
			"supplier_type": "1",
			"supplier_code": "1101040",
			"name": "\u3010KIKISS\u3011\u539f\u521b\u82b1\u7eb9 lolita \u6d0b\u88c5 \u8f6f\u59b9 \u767e\u642d\u70eb\u91d1 \u8537\u8587 \u67c4\u4e1d\u889c",
			"cover_price": "39.00",
			"brief": "",
			"figure": "http:\/\/f.p.cycangcdn.com\/1465973714433.jpg",
			"sell_time_start": "1465920000",
			"sell_time_end": "1466524800"
		}, {
			"product_id": "2079",
			"origin_price": "39.00",
			"channel_id": "8",
			"brand_id": "227",
			"p_catalog_id": "52",
			"supplier_type": "2",
			"supplier_code": "1101048",
			"name": "\u3010\u7334\u585e\u96f7\u3011\u5b66\u9662\u98ce jk\u65e5\u5e38\u767e\u642d\u4e07\u7528 \u5c16\u9886\u957f\u8896\u886c\u886b \u8212\u9002\u4e0d\u900f",
			"cover_price": "39.00",
			"brief": "5\u4e2a\u5de5\u4f5c\u65e5\u5185\u53d1\u8d27<br \/>",
			"figure": "http:\/\/f.p.cycangcdn.com\/1444469659598.jpg",
			"sell_time_start": "1444406400",
			"sell_time_end": "1445011200"
		}, {
			"product_id": "7228",
			"origin_price": "69.00",
			"channel_id": "8",
			"brand_id": "234",
			"p_catalog_id": "82",
			"supplier_type": "2",
			"supplier_code": "2101001",
			"name": "\u3010\u53e4\u602a\u820d\u3011 \u539f\u521b \u65e5\u5f0f\u548c\u98ce  \u5355\u80a9\u659c\u630e\u5305 \u5973\u5f0f\u5370\u82b1\u80cc\u5305  A103",
			"cover_price": "45.00",
			"brief": "\u9884\u552e\u52307\u6708\u4e0b\u65ec",
			"figure": "http:\/\/f.p.cycangcdn.com\/1466154447310.jpg",
			"sell_time_start": "1466092800",
			"sell_time_end": "1466697600"
		}],
		"catalog_data": false,
		"brand_data": false,
		"is_recommended": "0"
	}
}
