{
	"code": 200,
	"msg": "\u8bf7\u6c42\u6210\u529f",
	"result": {
		"banner_info": [{
			"option": 2,
			"type": 1,
			"value": {
				"keyword": "\u3010\u6f2b\u53cb\u6587\u5316\u3011"
			},
			"image": "http:\/\/b.cycangcdn.com\/1477295367397.png"
		}, {
			"option": 2,
			"type": 1,
			"value": {
				"keyword": "\u5a74\u68b5\u5854"
			},
			"image": "http:\/\/b.cycangcdn.com\/1477292171309.jpg"
		}, {
			"option": 1,
			"type": 1,
			"value": {
				"product_id": "9375"
			},
			"image": "http:\/\/b.cycangcdn.com\/1474195487210.jpg"
		}, {
			"option": 1,
			"type": 1,
			"value": {
				"product_id": "9528"
			},
			"image": "http:\/\/b.cycangcdn.com\/1474626094274.png"
		}, {
			"option": 2,
			"type": 1,
			"value": {
				"brand_id": "72"
			},
			"image": "http:\/\/b.cycangcdn.com\/1471836089474.jpg"
		}],
		"channel_info": [{
			"option": 2,
			"type": 1,
			"channel_name": "\u670d\u9970\u4ed3",
			"image": "http:\/\/s1.cycangcdn.com\/app\/img\/menu-cyc.png",
			"value": {
				"channel_id": "8"
			}
		}, {
			"option": 2,
			"type": 1,
			"channel_name": "\u6e38\u620f\u4ed3",
			"image": "http:\/\/s1.cycangcdn.com\/app\/img\/menu-game.png",
			"value": {
				"channel_id": "4"
			}
		}, {
			"option": 2,
			"type": 1,
			"channel_name": "\u52a8\u6f2b\u4ed3",
			"image": "http:\/\/s1.cycangcdn.com\/app\/img\/menu-carttoon.png",
			"value": {
				"channel_id": "3"
			}
		}, {
			"option": 2,
			"type": 1,
			"channel_name": "\u88c5\u626e\u4ed3",
			"image": "http:\/\/s1.cycangcdn.com\/app\/img\/menu-cosplay.png",
			"value": {
				"channel_id": "5"
			}
		}, {
			"option": 2,
			"type": 1,
			"channel_name": "\u53e4\u98ce\u4ed3",
			"image": "http:\/\/s1.cycangcdn.com\/app\/img\/menu-oldage.png",
			"value": {
				"channel_id": "6"
			}
		}, {
			"option": 2,
			"type": 1,
			"channel_name": "\u6f2b\u5c55\u7968\u52a1",
			"image": "http:\/\/s1.cycangcdn.com\/app\/img\/menu-collect.png",
			"value": {
				"channel_id": "9"
			}
		}, {
			"option": 2,
			"type": 1,
			"channel_name": "\u6587\u5177\u4ed3",
			"image": "http:\/\/s1.cycangcdn.com\/app\/img\/menu-stationery.png",
			"value": {
				"channel_id": "11"
			}
		}, {
			"option": 2,
			"type": 1,
			"channel_name": "\u96f6\u98df\u4ed3",
			"image": "http:\/\/s1.cycangcdn.com\/app\/img\/menu-snack.png",
			"value": {
				"channel_id": "10"
			}
		}, {
			"option": 2,
			"type": 1,
			"channel_name": "\u9996\u9970\u4ed3",
			"image": "http:\/\/s1.cycangcdn.com\/app\/img\/menu-jewelry.png",
			"value": {
				"channel_id": "12"
			}
		}, {
			"option": 6,
			"type": 1,
			"channel_name": "\u66f4\u591a",
			"image": "http:\/\/s1.cycangcdn.com\/app\/img\/menu-more.png",
			"value": []
		}],
		"act_info": [{
			"name": "\u840c\u8da3\u4e07\u5723\u8282  \u4e00\u8d77\u6765\u641e\u602a",
			"icon_url": "http:\/\/act.cycangcdn.com\/operation\/img\/1477553574\/1477550958959.png",
			"url": "http:\/\/act.cycang.com\/oper\/1477553574app.html"
		}, {
			"name": "Kumamon\u6b63\u7248\u5468\u8fb9  \u840c\u8d31\u6765\u88ad",
			"icon_url": "http:\/\/act.cycangcdn.com\/operation\/img\/1477643430\/1477641974134.png",
			"url": "http:\/\/act.cycang.com\/oper\/1477643430app.html"
		}, {
			"name": "\u732b\u795e\u53d8\u8eab\uff0c\u5927\u89e6\u964d\u4e34",
			"icon_url": "http:\/\/act.cycangcdn.com\/operation\/img\/1477034492\/1477367356705.png",
			"url": "http:\/\/act.cycang.com\/oper\/1477034492app.html"
		}, {
			"name": "\u5341\u6708\u96f6\u98df\u901f\u9012",
			"icon_url": "http:\/\/act.cycangcdn.com\/operation\/img\/1476876843\/1476876723748.png",
			"url": "http:\/\/act.cycang.com\/oper\/1476876843app.html"
		}],
		"seckill_info": {
			"start_time": "1477648800",
			"end_time": "1477843200",
			"list": [{
				"product_id": "7857",
				"name": "\u4e07\u5723\u8282\u7279\u4f9b\u4f18\u60e0\u5238 \u6ee160-20\u4f18\u60e0\u5238",
				"cover_price": "5.00",
				"origin_price": "5.00",
				"figure": "http:\/\/f.p.cycangcdn.com\/1477561300398.png"
			}, {
				"product_id": "7860",
				"name": "\u4e07\u5723\u8282\u7279\u4f9b\u4f18\u60e0\u5238  \u6ee1120-40\u4f18\u60e0\u5238",
				"cover_price": "10.00",
				"origin_price": "10.00",
				"figure": "http:\/\/f.p.cycangcdn.com\/1477562471367.png"
			}, {
				"product_id": "7861",
				"name": "\u4e07\u5723\u8282\u7279\u4f9b\u4f18\u60e0\u5238  \u6ee1240-80\u4f18\u60e0\u5238",
				"cover_price": "20.00",
				"origin_price": "20.00",
				"figure": "http:\/\/f.p.cycangcdn.com\/1477562631920.png"
			}, {
				"product_id": "7862",
				"name": "\u4e07\u5723\u8282\u7279\u4f9b\u4f18\u60e0\u5238  \u6ee1240-80\u4f18\u60e0\u5238",
				"cover_price": "13.5",
				"origin_price": "20.00",
				"figure": "http:\/\/f.p.cycangcdn.com\/1471606422344.jpg"
			},{
				"product_id": "7863",
				"name": "\u4e07\u5723\u8282\u7279\u4f9b\u4f18\u60e0\u5238  \u6ee1240-80\u4f18\u60e0\u5238",
				"cover_price": "13.0",
				"origin_price": "14.8",
				"figure": "http:\/\/f.p.cycangcdn.com\/1468294581168.jpg"
			},{
				"product_id": "7864",
				"name": "\u4e07\u5723\u8282\u7279\u4f9b\u4f18\u60e0\u5238  \u6ee1240-80\u4f18\u60e0\u5238",
				"cover_price": "5.0",
				"origin_price": "5.0",
				"figure": "http:\/\/f.p.cycangcdn.com\/1491466438374.png"
			}]
		},
		"hot_info": [{
			"product_id": "4640",
			"name": "\u3010\u667a\u8da3\u5c4b\u3011DIY\u5c0f\u5c4b\u76d2\u5b50\u5267\u573a \u624b\u5de5\u62fc\u88c5\u623f\u5b50 \u6a21\u578b\u73a9\u5177\u521b\u610f\u793c\u54c1 \u9001\u5de5\u5177",
			"cover_price": "36.00",
			"figure": "http:\/\/f.p.cycangcdn.com\/1455775424896.jpg"
		}, {
			"product_id": "2855",
			"name": "\u3010\u5b85\u6f2b\u5468\u8fb9\u5e97\u3011\u67f4\u72acdoge\u5468\u8fb9 \u53ef\u7231\u840c \u725b\u89d2\u6263\u5b66\u9662\u98ce\u5462\u5b50\u5927\u8863 \u52a8\u6f2b\u5916\u5957",
			"cover_price": "168.00",
			"figure": "http:\/\/f.p.cycangcdn.com\/1476170715116.jpg"
		}, {
			"product_id": "6052",
			"name": "\u3010\u5320\u5fc3\u8bda\u54c1\u3011 \u63fd\u67083D\u6253\u5370\u7acb\u4f53\u6708\u4eae\u706f \u521b\u610f\u6708\u7403\u706f \u5145\u7535\u591c\u706fLuna \u5b9a\u5236\u7248",
			"cover_price": "139.00",
			"figure": "http:\/\/f.p.cycangcdn.com\/1461228273193.jpg"
		}, {
			"product_id": "2691",
			"name": "\u3010\u6f2b\u8e2a\u3011\u539f\u521b \u5bab\u5d0e\u9a8f \u9f99\u732b \u53ef\u7231\u96ea\u5730\u9774\u52a8\u6f2b\u4fdd\u6696\u978b\u5468\u8fb9\u51ac\u5b63\u6bdb\u7ed2\u978b\u5b50",
			"cover_price": "199.00",
			"figure": "http:\/\/f.p.cycangcdn.com\/1447232577216.jpg"
		}, {
			"product_id": "8262",
			"name": "Censi \u58f0\u6c0f Moecen\u732b\u8033\u8033\u673a \u4e8c\u6b21\u5143 \u52a8\u6f2b \u5356\u840c \u5934\u6234\u5f0f \u84dd\u7259\u8033\u673a\u3010\u767d\u8272\u7248\u3011",
			"cover_price": "299.00",
			"figure": "http:\/\/f.p.cycangcdn.com\/1469173640233.jpg"
		}, {
			"product_id": "7752",
			"name": "\u3010wacom\u3011\u6570\u4f4d\u677f\u753b\u677fctl471\u624b\u7ed8\u677fbamboo\u7535\u8111\u7ed8\u753b\u7535\u5b50\u7ed8\u56fe\u677fps",
			"cover_price": "329.00",
			"figure": "http:\/\/f.p.cycangcdn.com\/supplier\/1467702094592.jpg"
		}, {
			"product_id": "7277",
			"name": "\u3010\u5b98\u65b9\u6b63\u7248\u3011 \u5168\u804c\u9ad8\u624b \u65b0\u6625\u7cfb\u5217\u6302\u4ef6 Q\u7248 \u4e9a\u514b\u529b \u6302\u4ef6--\u5168\u5957",
			"cover_price": "216.00",
			"figure": "http:\/\/f.p.cycangcdn.com\/1466160519063.jpg"
		}, {
			"product_id": "7064",
			"name": "\u3010KIKISS\u3011\u539f\u521b\u82b1\u7eb9 lolita \u6d0b\u88c5 \u8f6f\u59b9 \u767e\u642d\u70eb\u91d1 \u8537\u8587 \u67c4\u4e1d\u889c",
			"cover_price": "39.00",
			"figure": "http:\/\/f.p.cycangcdn.com\/1465973714433.jpg"
		}],
		"recommend_info": [{
			"product_id": "10325",
			"name": "\u3010\u6f2b\u8e2a\u3011\u52a8\u6f2b\u80cc\u5305\u630e\u5305\u4e8c\u6b21\u5143\u5305\u5305fate\u5468\u8fb9\u543e\u738b\u4e9a\u745f\u738b\u84dd\u9ed1saber\u5355\u80a9\u5305",
			"cover_price": "119.00",
			"figure": "http:\/\/f.p.cycangcdn.com\/1477650693377.jpg"
		}, {
			"product_id": "10324",
			"name": "\u3010\u6f2b\u8e2a\u3011\u4e8c\u6b21\u5143\u8def\u4eba\u5973\u4e3b\u5b66\u59d0\u53cc\u9762\u9760\u6795\u5934\u971e\u4e4b\u4e18\u8bd7\u7fbd\u7b49\u8eab\u62b1\u6795\u5957",
			"cover_price": "298.00",
			"figure": "http:\/\/f.p.cycangcdn.com\/1477649325471.jpg"
		}, {
			"product_id": "10323",
			"name": "\u9884\u552e\u3010\u6f2b\u8e2a\u3011\u4e1c\u65b9project\u4e1c\u65b9\u5e7b\u60f3\u4e61\u4e8c\u6b21\u5143\u56f4\u8116\u68c9\u96fe\u96e8\u9b54\u7406\u6c99\u56f4\u5dfe",
			"cover_price": "89.00",
			"figure": "http:\/\/f.p.cycangcdn.com\/1477647313928.jpg"
		}, {
			"product_id": "10322",
			"name": "\u9884\u552e\u3010\u6f2b\u8e2a\u3011\u5e3d\u5b50\u5973\u5e3d\u51ac\u5929\u4e8c\u6b21\u5143\u5154\u8033\u5e3d\u79cb\u51ac\u53ef\u7231\u65e5\u7cfb\u8f6f\u840c\u5154\u8d1d\u96f7\u5e3d",
			"cover_price": "45.00",
			"figure": "http:\/\/f.p.cycangcdn.com\/1477645104521.jpg"
		}, {
			"product_id": "10321",
			"name": "\u9884\u552e\u3010\u6f2b\u8e2a\u3011\u6c34\u676f\u676f\u5b50\u6c34\u6676\u676f\u4e8c\u6b21\u5143\u9a6c\u514b\u676f\u7acb\u4f53\u732b\u54aa\u540e\u9662\u5355\u5c42\u73bb\u7483\u676f",
			"cover_price": "59.00",
			"figure": "http:\/\/f.p.cycangcdn.com\/1477644243467.jpg"
		}, {
			"product_id": "10320",
			"name": "\u9884\u552e\u3010\u6f2b\u8e2a\u3011\u8230\u961fcollection\u8230\u5a18\u75db\u4f1e\u957f\u67c4\u76f4\u9aa8\u4f1e\u4e8c\u6b21\u5143\u96e8\u4f1e\u54b8\u9c7c\u4f1e",
			"cover_price": "139.00",
			"figure": "http:\/\/f.p.cycangcdn.com\/1477643897210.jpg"
		}]
	}
}
